{
  "project_info": {
    "project_number": "702771726141",
    "firebase_url": "https://yaayde-a3510.firebaseio.com",
    "project_id": "yaayde-a3510",
    "storage_bucket": "yaayde-a3510.appspot.com"
  },
  "client": [
    {
      "client_info": {
        "mobilesdk_app_id": "1:702771726141:android:1f8bba4ccc34549b2d6754",
        "android_client_info": {
          "package_name": "com.tanmaya.yaayde"
        }
      },
      "oauth_client": [
        {
          "client_id": "702771726141-pefv3vsha5uaqvn9423gar6ivjpoji5s.apps.googleusercontent.com",
          "client_type": 1,
          "android_info": {
            "package_name": "com.tanmaya.yaayde",
            "certificate_hash": "0249f8c9271729499d5036f9e15f1a29149bcf7b"
          }
        },
        {
          "client_id": "702771726141-45oddg3r58ctanokpu8j2sspsmd5r1nf.apps.googleusercontent.com",
          "client_type": 3
        }
      ],
      "api_key": [
        {
          "current_key": "AIzaSyAI58JnhKU1siuenqBYNA-wcBq076Qlcf0"
        }
      ],
      "services": {
        "appinvite_service": {
          "other_platform_oauth_client": [
            {
              "client_id": "702771726141-45oddg3r58ctanokpu8j2sspsmd5r1nf.apps.googleusercontent.com",
              "client_type": 3
            }
          ]
        }
      }
    }
  ],
  "configuration_version": "1"
}